Resource,Zone,Resource_Type,Cluster,StartCap,RetCap,NewCap,EndCap,StartEnergyCap,RetEnergyCap,NewEnergyCap,EndEnergyCap,StartChargeCap,RetChargeCap,NewChargeCap,EndChargeCap
EIC_batteries_1,1,Batteries,1,712.2,0.0,0.0,712.2,1424.4,0.0,0.0,1424.4,0.0,0.0,0.0,0.0
EIC_biomass_1,1,Biomass,1,1722.5,0.0,0.0,1722.5,0.0,0.0,0.0,0.0,0.0,0.0,0.0,0.0
EIC_conventional_hydroelectric_1,1,Conventional Hydroelectric,1,24200.8,0.0,0.0,24200.8,0.0,0.0,0.0,0.0,0.0,0.0,0.0,0.0
EIC_conventional_steam_coal_1,1,Conventional Steam Coal,1,12806.9,12806.9,0.0,0.0,0.0,0.0,0.0,0.0,0.0,0.0,0.0,0.0
EIC_conventional_steam_coal_2,1,Conventional Steam Coal,2,109345.4,109345.4,0.0,0.0,0.0,0.0,0.0,0.0,0.0,0.0,0.0,0.0
EIC_hydroelectric_pumped_storage_1,1,Hydroelectric Pumped Storage,1,17783.1,0.0,0.0,17783.1,275638.0,0.0,0.0,275638.0,0.0,0.0,0.0,0.0
EIC_natural_gas_fired_combined_cycle_1,1,Natural Gas Fired Combined Cycle,1,27155.3,0.0007899644369647838,0.0,27155.299210035566,0.0,0.0,0.0,0.0,0.0,0.0,0.0,0.0
EIC_natural_gas_fired_combined_cycle_2,1,Natural Gas Fired Combined Cycle,2,169897.4,0.0005099519331920558,0.0,169897.39949004806,0.0,0.0,0.0,0.0,0.0,0.0,0.0,0.0
EIC_natural_gas_fired_combustion_turbine_1,1,Natural Gas Fired Combustion Turbine,1,98926.5,2.436712979939515e-5,0.0,98926.49997563288,0.0,0.0,0.0,0.0,0.0,0.0,0.0,0.0
EIC_natural_gas_fired_combustion_turbine_2,1,Natural Gas Fired Combustion Turbine,2,10412.9,0.00011740409802154017,0.0,10412.899882595902,0.0,0.0,0.0,0.0,0.0,0.0,0.0,0.0
EIC_natural_gas_internal_combustion_engine_1,1,Natural Gas Internal Combustion Engine,1,2578.5,0.0,0.0,2578.5,0.0,0.0,0.0,0.0,0.0,0.0,0.0,0.0
EIC_natural_gas_steam_turbine_1,1,Natural Gas Steam Turbine,1,39625.2,6.28363052686662e-5,0.0,39625.19993716369,0.0,0.0,0.0,0.0,0.0,0.0,0.0,0.0
EIC_nuclear_1,1,Nuclear,1,82406.6,82406.55947609215,0.0,0.04052390785602711,0.0,0.0,0.0,0.0,0.0,0.0,0.0,0.0
EIC_offshore_wind_turbine_1,1,Offshore Wind Turbine,1,29.3,29.279647500011983,0.0,0.020352499988017525,0.0,0.0,0.0,0.0,0.0,0.0,0.0,0.0
EIC_onshore_wind_turbine_1,1,Onshore Wind Turbine,1,47407.4,47407.35206448529,0.0,0.04793551471493629,0.0,0.0,0.0,0.0,0.0,0.0,0.0,0.0
EIC_petroleum_liquids_1,1,Petroleum Liquids,1,23196.2,0.0,0.0,23196.2,0.0,0.0,0.0,0.0,0.0,0.0,0.0,0.0
EIC_small_hydroelectric_1,1,Small Hydroelectric,1,1672.2,0.0,0.0,1672.2,0.0,0.0,0.0,0.0,0.0,0.0,0.0,0.0
EIC_solar_photovoltaic_1,1,Solar Photovoltaic,1,8533.9,8533.858867424115,0.0,0.04113257588400643,0.0,0.0,0.0,0.0,0.0,0.0,0.0,0.0
TRE_batteries_1,2,Batteries,1,360.7,0.0,0.0,360.7,721.4,0.0,0.0,721.4,0.0,0.0,0.0,0.0
TRE_biomass_1,2,Biomass,1,44.5,0.0,0.0,44.5,0.0,0.0,0.0,0.0,0.0,0.0,0.0,0.0
TRE_conventional_hydroelectric_1,2,Conventional Hydroelectric,1,477.0,0.0,0.0,477.0,0.0,0.0,0.0,0.0,0.0,0.0,0.0,0.0
TRE_conventional_steam_coal_1,2,Conventional Steam Coal,1,5063.6,5063.6,0.0,0.0,0.0,0.0,0.0,0.0,0.0,0.0,0.0,0.0
TRE_conventional_steam_coal_2,2,Conventional Steam Coal,2,3713.0,3713.0,0.0,0.0,0.0,0.0,0.0,0.0,0.0,0.0,0.0,0.0
TRE_natural_gas_fired_combined_cycle_1,2,Natural Gas Fired Combined Cycle,1,30139.1,0.00021985557227631485,0.0,30139.09978014443,0.0,0.0,0.0,0.0,0.0,0.0,0.0,0.0
TRE_natural_gas_fired_combined_cycle_2,2,Natural Gas Fired Combined Cycle,2,6317.6,0.00039720159929344914,0.0,6317.599602798401,0.0,0.0,0.0,0.0,0.0,0.0,0.0,0.0
TRE_natural_gas_fired_combustion_turbine_1,2,Natural Gas Fired Combustion Turbine,1,2924.0,0.00026181936015801354,0.0,2923.99973818064,0.0,0.0,0.0,0.0,0.0,0.0,0.0,0.0
TRE_natural_gas_fired_combustion_turbine_2,2,Natural Gas Fired Combustion Turbine,2,2826.9,3.9014888023245686e-5,0.0,2826.899960985112,0.0,0.0,0.0,0.0,0.0,0.0,0.0,0.0
TRE_natural_gas_internal_combustion_engine_1,2,Natural Gas Internal Combustion Engine,1,502.70000000000005,0.0,0.0,502.70000000000005,0.0,0.0,0.0,0.0,0.0,0.0,0.0,0.0
TRE_natural_gas_steam_turbine_1,2,Natural Gas Steam Turbine,1,8249.5,0.0008659088635067431,0.0,8249.499134091137,0.0,0.0,0.0,0.0,0.0,0.0,0.0,0.0
TRE_nuclear_1,2,Nuclear,1,5120.0,5119.957197915535,0.0,0.042802084465165535,0.0,0.0,0.0,0.0,0.0,0.0,0.0,0.0
TRE_onshore_wind_turbine_1,2,Onshore Wind Turbine,1,21683.1,21683.051306865807,0.0,0.04869313419320065,0.0,0.0,0.0,0.0,0.0,0.0,0.0,0.0
TRE_petroleum_liquids_1,2,Petroleum Liquids,1,23.7,0.0028866975421366157,0.0,23.697113302457865,0.0,0.0,0.0,0.0,0.0,0.0,0.0,0.0
TRE_small_hydroelectric_1,2,Small Hydroelectric,1,11.2,0.0,0.0,11.2,0.0,0.0,0.0,0.0,0.0,0.0,0.0,0.0
TRE_solar_photovoltaic_1,2,Solar Photovoltaic,1,1821.5,1821.414313404306,0.0,0.08568659569374582,0.0,0.0,0.0,0.0,0.0,0.0,0.0,0.0
WECC_batteries_1,3,Batteries,1,1357.5,0.0,0.0,1357.5,3611.0,0.0,0.0,3611.0,0.0,0.0,0.0,0.0
WECC_biomass_1,3,Biomass,1,551.0,0.0,0.0,551.0,0.0,0.0,0.0,0.0,0.0,0.0,0.0,0.0
WECC_conventional_hydroelectric_1,3,Conventional Hydroelectric,1,46528.0,0.0,0.0,46528.0,0.0,0.0,0.0,0.0,0.0,0.0,0.0,0.0
WECC_conventional_steam_coal_1,3,Conventional Steam Coal,1,11415.2,11415.2,0.0,0.0,0.0,0.0,0.0,0.0,0.0,0.0,0.0,0.0
WECC_conventional_steam_coal_2,3,Conventional Steam Coal,2,2074.5,2074.5,0.0,0.0,0.0,0.0,0.0,0.0,0.0,0.0,0.0,0.0
WECC_geothermal_1,3,Geothermal,1,1752.4,0.0,0.0,1752.4,0.0,0.0,0.0,0.0,0.0,0.0,0.0,0.0
WECC_hydroelectric_pumped_storage_1,3,Hydroelectric Pumped Storage,1,4567.1,0.0,0.0,4567.1,70790.0,0.0,0.0,70790.0,0.0,0.0,0.0,0.0
WECC_natural_gas_fired_combined_cycle_1,3,Natural Gas Fired Combined Cycle,1,37593.3,7.823470607892255e-5,0.0,37593.2999217653,0.0,0.0,0.0,0.0,0.0,0.0,0.0,0.0
WECC_natural_gas_fired_combined_cycle_2,3,Natural Gas Fired Combined Cycle,2,12502.4,2.754921738132808e-5,0.0,12502.399972450781,0.0,0.0,0.0,0.0,0.0,0.0,0.0,0.0
WECC_natural_gas_fired_combustion_turbine_1,3,Natural Gas Fired Combustion Turbine,1,15252.7,8.945627357380694e-5,0.0,15252.699910543728,0.0,0.0,0.0,0.0,0.0,0.0,0.0,0.0
WECC_natural_gas_fired_combustion_turbine_2,3,Natural Gas Fired Combustion Turbine,2,6281.6,6.848385950983272e-5,0.0,6281.599931516141,0.0,0.0,0.0,0.0,0.0,0.0,0.0,0.0
WECC_natural_gas_internal_combustion_engine_1,3,Natural Gas Internal Combustion Engine,1,1282.7,0.0,0.0,1282.7,0.0,0.0,0.0,0.0,0.0,0.0,0.0,0.0
WECC_natural_gas_steam_turbine_1,3,Natural Gas Steam Turbine,1,2669.5,0.0007324170942411062,0.0,2669.499267582906,0.0,0.0,0.0,0.0,0.0,0.0,0.0,0.0
WECC_nuclear_1,3,Nuclear,1,5175.0,5174.964200623428,0.0,0.03579937657161025,0.0,0.0,0.0,0.0,0.0,0.0,0.0,0.0
WECC_onshore_wind_turbine_1,3,Onshore Wind Turbine,1,20644.2,20644.14569126057,0.0,0.05430873942913195,0.0,0.0,0.0,0.0,0.0,0.0,0.0,0.0
WECC_petroleum_liquids_1,3,Petroleum Liquids,1,636.2,0.0,0.0,636.2,0.0,0.0,0.0,0.0,0.0,0.0,0.0,0.0
WECC_small_hydroelectric_1,3,Small Hydroelectric,1,1064.3,0.0,0.0,1064.3,0.0,0.0,0.0,0.0,0.0,0.0,0.0,0.0
WECC_solar_photovoltaic_1,3,Solar Photovoltaic,1,14659.8,14659.741840545807,0.0,0.05815945419307411,0.0,0.0,0.0,0.0,0.0,0.0,0.0,0.0
WECC_distributed_generation_1,3,distributed_generation,1,250535.0,0.0,0.0,250535.0,0.0,0.0,0.0,0.0,0.0,0.0,0.0,0.0
EIC_distributed_generation_1,1,distributed_generation,1,1.77e6,0.0,0.0,1.77e6,0.0,0.0,0.0,0.0,0.0,0.0,0.0,0.0
TRE_distributed_generation_1,2,distributed_generation,1,17006.0,0.0,0.0,17006.0,0.0,0.0,0.0,0.0,0.0,0.0,0.0,0.0
EIC_naturalgas_ccavgcf_moderate_0,1,NaturalGas_CCAvgCF_Moderate,0,0.0,0.0,0.0,0.0,0.0,0.0,0.0,0.0,0.0,0.0,0.0,0.0
EIC_naturalgas_ctavgcf_moderate_0,1,NaturalGas_CTAvgCF_Moderate,0,0.0,0.0,0.0,0.0,0.0,0.0,0.0,0.0,0.0,0.0,0.0,0.0
EIC_battery_moderate_0,1,Battery_*_Moderate,0,0.0,0.0,6825.3988428992725,6825.3988428992725,0.0,0.0,69904.3206006334,69904.3206006334,0.0,0.0,0.0,0.0
EIC_naturalgas_ccccsavgcf_conservative_0,1,NaturalGas_CCCCSAvgCF_Conservative,0,0.0,0.0,0.0,0.0,0.0,0.0,0.0,0.0,0.0,0.0,0.0,0.0
EIC_advnuclear_atb_moderate_0,1,AdvNuclear_ATB_Moderate,0,0.0,0.0,0.009897470815360925,0.009897470815360925,0.0,0.0,0.0,0.0,0.0,0.0,0.0,0.0
EIC_storage_metalair_advanced_0,1,Storage_MetalAir_Advanced,0,0.0,0.0,1.1324421031725125e6,1.1324421031725125e6,0.0,0.0,2.2648842063450253e8,2.2648842063450253e8,0.0,0.0,0.0,0.0
EIC_landbasedwind_class1_moderate_0,1,LandbasedWind_Class1_Moderate_,0,0.0,0.0,314579.70913643535,314579.70913643535,0.0,0.0,2.215411757559035,2.215411757559035,0.0,0.0,0.0,0.0
EIC_landbasedwind_class1_moderate_1,1,LandbasedWind_Class1_Moderate_,1,0.0,0.0,0.47292709796254295,0.47292709796254295,0.0,0.0,2.001434067759849,2.001434067759849,0.0,0.0,0.0,0.0
EIC_landbasedwind_class1_moderate_2,1,LandbasedWind_Class1_Moderate_,2,0.0,0.0,0.3539354332604679,0.3539354332604679,0.0,0.0,2.104987650079991,2.104987650079991,0.0,0.0,0.0,0.0
EIC_landbasedwind_class1_moderate_3,1,LandbasedWind_Class1_Moderate_,3,0.0,0.0,0.08030356264700614,0.08030356264700614,0.0,0.0,2.3573991034205104,2.3573991034205104,0.0,0.0,0.0,0.0
EIC_landbasedwind_class1_moderate_4,1,LandbasedWind_Class1_Moderate_,4,0.0,0.0,0.28951252721468673,0.28951252721468673,0.0,0.0,2.298797697070931,2.298797697070931,0.0,0.0,0.0,0.0
EIC_landbasedwind_class1_moderate_5,1,LandbasedWind_Class1_Moderate_,5,0.0,0.0,0.07728929392475546,0.07728929392475546,0.0,0.0,2.367201104274838,2.367201104274838,0.0,0.0,0.0,0.0
EIC_landbasedwind_class1_moderate_6,1,LandbasedWind_Class1_Moderate_,6,0.0,0.0,0.12139072813226964,0.12139072813226964,0.0,0.0,2.2727209505423214,2.2727209505423214,0.0,0.0,0.0,0.0
EIC_landbasedwind_class1_moderate_7,1,LandbasedWind_Class1_Moderate_,7,0.0,0.0,0.04734410453397411,0.04734410453397411,0.0,0.0,2.388048291839212,2.388048291839212,0.0,0.0,0.0,0.0
EIC_landbasedwind_class1_moderate_8,1,LandbasedWind_Class1_Moderate_,8,0.0,0.0,0.059751041152951184,0.059751041152951184,0.0,0.0,2.2864356832573183,2.2864356832573183,0.0,0.0,0.0,0.0
EIC_landbasedwind_class1_moderate_9,1,LandbasedWind_Class1_Moderate_,9,0.0,0.0,0.005867951689851583,0.005867951689851583,0.0,0.0,2.497621488082086,2.497621488082086,0.0,0.0,0.0,0.0
EIC_utilitypv_class1_moderate_0,1,UtilityPV_Class1_Moderate_,0,0.0,0.0,0.23590730756545725,0.23590730756545725,0.0,0.0,1.8074062792300571,1.8074062792300571,0.0,0.0,0.0,0.0
EIC_utilitypv_class1_moderate_1,1,UtilityPV_Class1_Moderate_,1,0.0,0.0,0.7423396691427593,0.7423396691427593,0.0,0.0,6.3815904034916375,6.3815904034916375,0.0,0.0,0.0,0.0
EIC_utilitypv_class1_moderate_2,1,UtilityPV_Class1_Moderate_,2,0.0,0.0,0.1181088461397462,0.1181088461397462,0.0,0.0,0.8810931766865191,0.8810931766865191,0.0,0.0,0.0,0.0
EIC_utilitypv_class1_moderate_3,1,UtilityPV_Class1_Moderate_,3,0.0,0.0,0.19558145867535318,0.19558145867535318,0.0,0.0,1.4878578554335895,1.4878578554335895,0.0,0.0,0.0,0.0
EIC_utilitypv_class1_moderate_4,1,UtilityPV_Class1_Moderate_,4,0.0,0.0,0.10280145571101874,0.10280145571101874,0.0,0.0,0.7612933523333197,0.7612933523333197,0.0,0.0,0.0,0.0
EIC_utilitypv_class1_moderate_5,1,UtilityPV_Class1_Moderate_,5,0.0,0.0,0.06693100831265275,0.06693100831265275,0.0,0.0,0.49056788869439705,0.49056788869439705,0.0,0.0,0.0,0.0
EIC_utilitypv_class1_moderate_6,1,UtilityPV_Class1_Moderate_,6,0.0,0.0,0.06111355202173802,0.06111355202173802,0.0,0.0,0.44979815724460204,0.44979815724460204,0.0,0.0,0.0,0.0
EIC_utilitypv_class1_moderate_7,1,UtilityPV_Class1_Moderate_,7,0.0,0.0,0.07328455983395708,0.07328455983395708,0.0,0.0,0.5364196971640721,0.5364196971640721,0.0,0.0,0.0,0.0
EIC_utilitypv_class1_moderate_8,1,UtilityPV_Class1_Moderate_,8,0.0,0.0,0.044410835613617236,0.044410835613617236,0.0,0.0,0.32747522976848853,0.32747522976848853,0.0,0.0,0.0,0.0
EIC_utilitypv_class1_moderate_9,1,UtilityPV_Class1_Moderate_,9,0.0,0.0,0.00960053976517456,0.00960053976517456,0.0,0.0,0.23211548566162654,0.23211548566162654,0.0,0.0,0.0,0.0
EIC_offshorewind_class3_moderate_fixed_1_0,1,OffShoreWind_Class3_Moderate_fixed_1,0,0.0,0.0,0.003461017228726481,0.003461017228726481,0.0,0.0,0.0,0.0,0.0,0.0,0.0,0.0
EIC_offshorewind_class3_moderate_fixed_1_1,1,OffShoreWind_Class3_Moderate_fixed_1,1,0.0,0.0,0.002863919152743129,0.002863919152743129,0.0,0.0,0.0,0.0,0.0,0.0,0.0,0.0
EIC_offshorewind_class3_moderate_fixed_1_2,1,OffShoreWind_Class3_Moderate_fixed_1,2,0.0,0.0,0.003156440884449273,0.003156440884449273,0.0,0.0,0.0,0.0,0.0,0.0,0.0,0.0
EIC_offshorewind_class3_moderate_fixed_1_3,1,OffShoreWind_Class3_Moderate_fixed_1,3,0.0,0.0,0.002402369169807978,0.002402369169807978,0.0,0.0,0.0,0.0,0.0,0.0,0.0,0.0
EIC_offshorewind_class3_moderate_fixed_1_4,1,OffShoreWind_Class3_Moderate_fixed_1,4,0.0,0.0,0.002091889775749382,0.002091889775749382,0.0,0.0,0.0,0.0,0.0,0.0,0.0,0.0
EIC_offshorewind_class3_moderate_fixed_1_5,1,OffShoreWind_Class3_Moderate_fixed_1,5,0.0,0.0,0.002810662953244079,0.002810662953244079,0.0,0.0,0.0,0.0,0.0,0.0,0.0,0.0
EIC_offshorewind_class3_moderate_fixed_1_6,1,OffShoreWind_Class3_Moderate_fixed_1,6,0.0,0.0,0.0026266665457896107,0.0026266665457896107,0.0,0.0,0.0,0.0,0.0,0.0,0.0,0.0
EIC_offshorewind_class3_moderate_fixed_1_7,1,OffShoreWind_Class3_Moderate_fixed_1,7,0.0,0.0,0.00150605153488247,0.00150605153488247,0.0,0.0,0.0,0.0,0.0,0.0,0.0,0.0
EIC_offshorewind_class3_moderate_fixed_1_8,1,OffShoreWind_Class3_Moderate_fixed_1,8,0.0,0.0,0.0009149257310417592,0.0009149257310417592,0.0,0.0,0.0,0.0,0.0,0.0,0.0,0.0
EIC_offshorewind_class3_moderate_fixed_1_9,1,OffShoreWind_Class3_Moderate_fixed_1,9,0.0,0.0,0.0022490972386283482,0.0022490972386283482,0.0,0.0,0.0,0.0,0.0,0.0,0.0,0.0
EIC_offshorewind_class3_moderate_fixed_0_0,1,OffShoreWind_Class3_Moderate_fixed_0,0,0.0,0.0,0.003461017228726481,0.003461017228726481,0.0,0.0,0.0,0.0,0.0,0.0,0.0,0.0
EIC_offshorewind_class3_moderate_fixed_0_1,1,OffShoreWind_Class3_Moderate_fixed_0,1,0.0,0.0,0.002863919152743129,0.002863919152743129,0.0,0.0,0.0,0.0,0.0,0.0,0.0,0.0
EIC_offshorewind_class3_moderate_fixed_0_4,1,OffShoreWind_Class3_Moderate_fixed_0,4,0.0,0.0,0.003156440884449273,0.003156440884449273,0.0,0.0,0.0,0.0,0.0,0.0,0.0,0.0
EIC_offshorewind_class3_moderate_fixed_0_5,1,OffShoreWind_Class3_Moderate_fixed_0,5,0.0,0.0,0.002402369169807978,0.002402369169807978,0.0,0.0,0.0,0.0,0.0,0.0,0.0,0.0
EIC_offshorewind_class3_moderate_fixed_0_10,1,OffShoreWind_Class3_Moderate_fixed_0,10,0.0,0.0,0.002091889775749382,0.002091889775749382,0.0,0.0,0.0,0.0,0.0,0.0,0.0,0.0
EIC_offshorewind_class3_moderate_fixed_0_11,1,OffShoreWind_Class3_Moderate_fixed_0,11,0.0,0.0,0.002810662953244079,0.002810662953244079,0.0,0.0,0.0,0.0,0.0,0.0,0.0,0.0
EIC_offshorewind_class3_moderate_fixed_0_18,1,OffShoreWind_Class3_Moderate_fixed_0,18,0.0,0.0,0.0026266665457896107,0.0026266665457896107,0.0,0.0,0.0,0.0,0.0,0.0,0.0,0.0
EIC_offshorewind_class3_moderate_fixed_0_19,1,OffShoreWind_Class3_Moderate_fixed_0,19,0.0,0.0,0.00150605153488247,0.00150605153488247,0.0,0.0,0.0,0.0,0.0,0.0,0.0,0.0
EIC_offshorewind_class3_moderate_fixed_0_28,1,OffShoreWind_Class3_Moderate_fixed_0,28,0.0,0.0,0.0009149257310417592,0.0009149257310417592,0.0,0.0,0.0,0.0,0.0,0.0,0.0,0.0
EIC_offshorewind_class3_moderate_fixed_0_29,1,OffShoreWind_Class3_Moderate_fixed_0,29,0.0,0.0,0.0022490972386283482,0.0022490972386283482,0.0,0.0,0.0,0.0,0.0,0.0,0.0,0.0
EIC_offshorewind_class12_moderate_floating_1_0,1,OffShoreWind_Class12_Moderate_floating_1,0,0.0,0.0,0.004145102011549246,0.004145102011549246,0.0,0.0,0.0,0.0,0.0,0.0,0.0,0.0
EIC_offshorewind_class12_moderate_floating_1_1,1,OffShoreWind_Class12_Moderate_floating_1,1,0.0,0.0,0.0022955640687417813,0.0022955640687417813,0.0,0.0,0.0,0.0,0.0,0.0,0.0,0.0
EIC_offshorewind_class12_moderate_floating_1_6,1,OffShoreWind_Class12_Moderate_floating_1,6,0.0,0.0,0.0025472812602693176,0.0025472812602693176,0.0,0.0,0.0,0.0,0.0,0.0,0.0,0.0
EIC_offshorewind_class12_moderate_floating_1_7,1,OffShoreWind_Class12_Moderate_floating_1,7,0.0,0.0,0.0017098328077867811,0.0017098328077867811,0.0,0.0,0.0,0.0,0.0,0.0,0.0,0.0
EIC_offshorewind_class12_moderate_floating_1_18,1,OffShoreWind_Class12_Moderate_floating_1,18,0.0,0.0,0.001156828757683624,0.001156828757683624,0.0,0.0,0.0,0.0,0.0,0.0,0.0,0.0
EIC_offshorewind_class12_moderate_floating_1_19,1,OffShoreWind_Class12_Moderate_floating_1,19,0.0,0.0,0.002312906764254724,0.002312906764254724,0.0,0.0,0.0,0.0,0.0,0.0,0.0,0.0
EIC_offshorewind_class12_moderate_floating_1_38,1,OffShoreWind_Class12_Moderate_floating_1,38,0.0,0.0,0.0017812659874381445,0.0017812659874381445,0.0,0.0,0.0,0.0,0.0,0.0,0.0,0.0
EIC_offshorewind_class12_moderate_floating_1_39,1,OffShoreWind_Class12_Moderate_floating_1,39,0.0,0.0,0.0011904920827759847,0.0011904920827759847,0.0,0.0,0.0,0.0,0.0,0.0,0.0,0.0
EIC_offshorewind_class12_moderate_floating_1_68,1,OffShoreWind_Class12_Moderate_floating_1,68,0.0,0.0,0.000791541430051342,0.000791541430051342,0.0,0.0,0.0,0.0,0.0,0.0,0.0,0.0
EIC_offshorewind_class12_moderate_floating_1_69,1,OffShoreWind_Class12_Moderate_floating_1,69,0.0,0.0,0.001298077169421887,0.001298077169421887,0.0,0.0,0.0,0.0,0.0,0.0,0.0,0.0
EIC_offshorewind_class12_moderate_floating_0_0,1,OffShoreWind_Class12_Moderate_floating_0,0,0.0,0.0,0.004145102011549246,0.004145102011549246,0.0,0.0,0.0,0.0,0.0,0.0,0.0,0.0
EIC_offshorewind_class12_moderate_floating_0_1,1,OffShoreWind_Class12_Moderate_floating_0,1,0.0,0.0,0.0022955640687417813,0.0022955640687417813,0.0,0.0,0.0,0.0,0.0,0.0,0.0,0.0
EIC_offshorewind_class12_moderate_floating_0_8,1,OffShoreWind_Class12_Moderate_floating_0,8,0.0,0.0,0.0025472812602693176,0.0025472812602693176,0.0,0.0,0.0,0.0,0.0,0.0,0.0,0.0
EIC_offshorewind_class12_moderate_floating_0_9,1,OffShoreWind_Class12_Moderate_floating_0,9,0.0,0.0,0.0017098328077867811,0.0017098328077867811,0.0,0.0,0.0,0.0,0.0,0.0,0.0,0.0
EIC_offshorewind_class12_moderate_floating_0_28,1,OffShoreWind_Class12_Moderate_floating_0,28,0.0,0.0,0.001156828757683624,0.001156828757683624,0.0,0.0,0.0,0.0,0.0,0.0,0.0,0.0
EIC_offshorewind_class12_moderate_floating_0_29,1,OffShoreWind_Class12_Moderate_floating_0,29,0.0,0.0,0.002312906764254724,0.002312906764254724,0.0,0.0,0.0,0.0,0.0,0.0,0.0,0.0
EIC_offshorewind_class12_moderate_floating_0_68,1,OffShoreWind_Class12_Moderate_floating_0,68,0.0,0.0,0.0017812659874381445,0.0017812659874381445,0.0,0.0,0.0,0.0,0.0,0.0,0.0,0.0
EIC_offshorewind_class12_moderate_floating_0_69,1,OffShoreWind_Class12_Moderate_floating_0,69,0.0,0.0,0.0011904920827759847,0.0011904920827759847,0.0,0.0,0.0,0.0,0.0,0.0,0.0,0.0
EIC_offshorewind_class12_moderate_floating_0_138,1,OffShoreWind_Class12_Moderate_floating_0,138,0.0,0.0,0.000791541430051342,0.000791541430051342,0.0,0.0,0.0,0.0,0.0,0.0,0.0,0.0
EIC_offshorewind_class12_moderate_floating_0_139,1,OffShoreWind_Class12_Moderate_floating_0,139,0.0,0.0,0.001298077169421887,0.001298077169421887,0.0,0.0,0.0,0.0,0.0,0.0,0.0,0.0
TRE_naturalgas_ccavgcf_moderate_0,2,NaturalGas_CCAvgCF_Moderate,0,0.0,0.0,0.0,0.0,0.0,0.0,0.0,0.0,0.0,0.0,0.0,0.0
TRE_naturalgas_ctavgcf_moderate_0,2,NaturalGas_CTAvgCF_Moderate,0,0.0,0.0,164060.37241218178,164060.37241218178,0.0,0.0,0.0,0.0,0.0,0.0,0.0,0.0
TRE_battery_moderate_0,2,Battery_*_Moderate,0,0.0,0.0,1544.8935950892871,1544.8935950892871,0.0,0.0,15889.92440451124,15889.92440451124,0.0,0.0,0.0,0.0
TRE_naturalgas_ccccsavgcf_conservative_0,2,NaturalGas_CCCCSAvgCF_Conservative,0,0.0,0.0,0.0,0.0,0.0,0.0,0.0,0.0,0.0,0.0,0.0,0.0
TRE_advnuclear_atb_moderate_0,2,AdvNuclear_ATB_Moderate,0,0.0,0.0,0.011065576065150391,0.011065576065150391,0.0,0.0,0.0,0.0,0.0,0.0,0.0,0.0
TRE_storage_metalair_advanced_0,2,Storage_MetalAir_Advanced,0,0.0,0.0,135280.8510440328,135280.8510440328,0.0,0.0,2.705617020880656e7,2.705617020880656e7,0.0,0.0,0.0,0.0
TRE_landbasedwind_class1_moderate_0,2,LandbasedWind_Class1_Moderate_,0,0.0,0.0,9.52283641858855,9.52283641858855,0.0,0.0,3.9064893277440507,3.9064893277440507,0.0,0.0,0.0,0.0
TRE_landbasedwind_class1_moderate_1,2,LandbasedWind_Class1_Moderate_,1,0.0,0.0,0.2176764145753668,0.2176764145753668,0.0,0.0,2.242778983009608,2.242778983009608,0.0,0.0,0.0,0.0
TRE_landbasedwind_class1_moderate_2,2,LandbasedWind_Class1_Moderate_,2,0.0,0.0,0.8257696842812042,0.8257696842812042,0.0,0.0,3.1312193456045305,3.1312193456045305,0.0,0.0,0.0,0.0
TRE_landbasedwind_class1_moderate_3,2,LandbasedWind_Class1_Moderate_,3,0.0,0.0,0.12013712203408873,0.12013712203408873,0.0,0.0,2.3168929555826745,2.3168929555826745,0.0,0.0,0.0,0.0
TRE_landbasedwind_class1_moderate_4,2,LandbasedWind_Class1_Moderate_,4,0.0,0.0,87314.91498754082,87314.91498754082,0.0,0.0,5.1391963615336,5.1391963615336,0.0,0.0,0.0,0.0
TRE_landbasedwind_class1_moderate_5,2,LandbasedWind_Class1_Moderate_,5,0.0,0.0,0.11405153756315062,0.11405153756315062,0.0,0.0,2.3327648762822544,2.3327648762822544,0.0,0.0,0.0,0.0
TRE_landbasedwind_class1_moderate_6,2,LandbasedWind_Class1_Moderate_,6,0.0,0.0,0.45512801257978,0.45512801257978,0.0,0.0,2.882633304638495,2.882633304638495,0.0,0.0,0.0,0.0
TRE_landbasedwind_class1_moderate_7,2,LandbasedWind_Class1_Moderate_,7,0.0,0.0,0.06528389501407994,0.06528389501407994,0.0,0.0,2.393144991025159,2.393144991025159,0.0,0.0,0.0,0.0
TRE_landbasedwind_class1_moderate_8,2,LandbasedWind_Class1_Moderate_,8,0.0,0.0,0.03500681904580466,0.03500681904580466,0.0,0.0,2.4011708157807687,2.4011708157807687,0.0,0.0,0.0,0.0
TRE_landbasedwind_class1_moderate_9,2,LandbasedWind_Class1_Moderate_,9,0.0,0.0,0.008877388988454051,0.008877388988454051,0.0,0.0,2.448309158485883,2.448309158485883,0.0,0.0,0.0,0.0
TRE_utilitypv_class1_moderate_0,2,UtilityPV_Class1_Moderate_,0,0.0,0.0,0.3923956221277994,0.3923956221277994,0.0,0.0,3.088002980181228,3.088002980181228,0.0,0.0,0.0,0.0
TRE_utilitypv_class1_moderate_1,2,UtilityPV_Class1_Moderate_,1,0.0,0.0,0.2637462382048938,0.2637462382048938,0.0,0.0,1.9230934715866788,1.9230934715866788,0.0,0.0,0.0,0.0
TRE_utilitypv_class1_moderate_2,2,UtilityPV_Class1_Moderate_,2,0.0,0.0,0.19669648066453943,0.19669648066453943,0.0,0.0,1.3677121109007095,1.3677121109007095,0.0,0.0,0.0,0.0
TRE_utilitypv_class1_moderate_3,2,UtilityPV_Class1_Moderate_,3,0.0,0.0,0.13053319969251448,0.13053319969251448,0.0,0.0,0.8631594240983074,0.8631594240983074,0.0,0.0,0.0,0.0
TRE_utilitypv_class1_moderate_4,2,UtilityPV_Class1_Moderate_,4,0.0,0.0,0.1290353110291213,0.1290353110291213,0.0,0.0,0.8524664190483223,0.8524664190483223,0.0,0.0,0.0,0.0
TRE_utilitypv_class1_moderate_5,2,UtilityPV_Class1_Moderate_,5,0.0,0.0,0.09045663126987687,0.09045663126987687,0.0,0.0,0.591775643948451,0.591775643948451,0.0,0.0,0.0,0.0
TRE_utilitypv_class1_moderate_6,2,UtilityPV_Class1_Moderate_,6,0.0,0.0,0.07143643872990747,0.07143643872990747,0.0,0.0,0.47646160884904015,0.47646160884904015,0.0,0.0,0.0,0.0
TRE_utilitypv_class1_moderate_7,2,UtilityPV_Class1_Moderate_,7,0.0,0.0,0.09790273312466292,0.09790273312466292,0.0,0.0,0.6355303133983371,0.6355303133983371,0.0,0.0,0.0,0.0
TRE_utilitypv_class1_moderate_8,2,UtilityPV_Class1_Moderate_,8,0.0,0.0,0.01883594050886142,0.01883594050886142,0.0,0.0,0.2696578273925199,0.2696578273925199,0.0,0.0,0.0,0.0
TRE_utilitypv_class1_moderate_9,2,UtilityPV_Class1_Moderate_,9,0.0,0.0,0.05113305840363073,0.05113305840363073,0.0,0.0,0.3530037277969652,0.3530037277969652,0.0,0.0,0.0,0.0
TRE_offshorewind_class3_moderate_fixed_1_0,2,OffShoreWind_Class3_Moderate_fixed_1,0,0.0,0.0,0.002999231457667547,0.002999231457667547,0.0,0.0,0.0,0.0,0.0,0.0,0.0,0.0
TRE_offshorewind_class3_moderate_fixed_1_1,2,OffShoreWind_Class3_Moderate_fixed_1,1,0.0,0.0,0.0027865138701640476,0.0027865138701640476,0.0,0.0,0.0,0.0,0.0,0.0,0.0,0.0
TRE_offshorewind_class3_moderate_fixed_1_2,2,OffShoreWind_Class3_Moderate_fixed_1,2,0.0,0.0,0.0027217423415314477,0.0027217423415314477,0.0,0.0,0.0,0.0,0.0,0.0,0.0,0.0
TRE_offshorewind_class3_moderate_fixed_1_3,2,OffShoreWind_Class3_Moderate_fixed_1,3,0.0,0.0,0.0023105486731233487,0.0023105486731233487,0.0,0.0,0.0,0.0,0.0,0.0,0.0,0.0
TRE_offshorewind_class3_moderate_fixed_1_4,2,OffShoreWind_Class3_Moderate_fixed_1,4,0.0,0.0,0.0027707535721011893,0.0027707535721011893,0.0,0.0,0.0,0.0,0.0,0.0,0.0,0.0
TRE_offshorewind_class3_moderate_fixed_1_5,2,OffShoreWind_Class3_Moderate_fixed_1,5,0.0,0.0,0.002501391723807341,0.002501391723807341,0.0,0.0,0.0,0.0,0.0,0.0,0.0,0.0
TRE_offshorewind_class3_moderate_fixed_1_6,2,OffShoreWind_Class3_Moderate_fixed_1,6,0.0,0.0,0.002550085672927595,0.002550085672927595,0.0,0.0,0.0,0.0,0.0,0.0,0.0,0.0
TRE_offshorewind_class3_moderate_fixed_1_7,2,OffShoreWind_Class3_Moderate_fixed_1,7,0.0,0.0,0.002686409506138882,0.002686409506138882,0.0,0.0,0.0,0.0,0.0,0.0,0.0,0.0
TRE_offshorewind_class3_moderate_fixed_1_8,2,OffShoreWind_Class3_Moderate_fixed_1,8,0.0,0.0,0.002538446540099549,0.002538446540099549,0.0,0.0,0.0,0.0,0.0,0.0,0.0,0.0
TRE_offshorewind_class3_moderate_fixed_1_9,2,OffShoreWind_Class3_Moderate_fixed_1,9,0.0,0.0,0.002545576032399279,0.002545576032399279,0.0,0.0,0.0,0.0,0.0,0.0,0.0,0.0
TRE_offshorewind_class3_moderate_fixed_0_0,2,OffShoreWind_Class3_Moderate_fixed_0,0,0.0,0.0,0.002999231457667547,0.002999231457667547,0.0,0.0,0.0,0.0,0.0,0.0,0.0,0.0
TRE_offshorewind_class3_moderate_fixed_0_1,2,OffShoreWind_Class3_Moderate_fixed_0,1,0.0,0.0,0.0027865138701640476,0.0027865138701640476,0.0,0.0,0.0,0.0,0.0,0.0,0.0,0.0
TRE_offshorewind_class3_moderate_fixed_0_4,2,OffShoreWind_Class3_Moderate_fixed_0,4,0.0,0.0,0.0027217423415314477,0.0027217423415314477,0.0,0.0,0.0,0.0,0.0,0.0,0.0,0.0
TRE_offshorewind_class3_moderate_fixed_0_5,2,OffShoreWind_Class3_Moderate_fixed_0,5,0.0,0.0,0.0023105486731233487,0.0023105486731233487,0.0,0.0,0.0,0.0,0.0,0.0,0.0,0.0
TRE_offshorewind_class3_moderate_fixed_0_10,2,OffShoreWind_Class3_Moderate_fixed_0,10,0.0,0.0,0.0027707535721011893,0.0027707535721011893,0.0,0.0,0.0,0.0,0.0,0.0,0.0,0.0
TRE_offshorewind_class3_moderate_fixed_0_11,2,OffShoreWind_Class3_Moderate_fixed_0,11,0.0,0.0,0.002501391723807341,0.002501391723807341,0.0,0.0,0.0,0.0,0.0,0.0,0.0,0.0
TRE_offshorewind_class3_moderate_fixed_0_18,2,OffShoreWind_Class3_Moderate_fixed_0,18,0.0,0.0,0.002550085672927595,0.002550085672927595,0.0,0.0,0.0,0.0,0.0,0.0,0.0,0.0
TRE_offshorewind_class3_moderate_fixed_0_19,2,OffShoreWind_Class3_Moderate_fixed_0,19,0.0,0.0,0.002686409506138882,0.002686409506138882,0.0,0.0,0.0,0.0,0.0,0.0,0.0,0.0
TRE_offshorewind_class3_moderate_fixed_0_28,2,OffShoreWind_Class3_Moderate_fixed_0,28,0.0,0.0,0.002538446540099549,0.002538446540099549,0.0,0.0,0.0,0.0,0.0,0.0,0.0,0.0
TRE_offshorewind_class3_moderate_fixed_0_29,2,OffShoreWind_Class3_Moderate_fixed_0,29,0.0,0.0,0.002545576032399279,0.002545576032399279,0.0,0.0,0.0,0.0,0.0,0.0,0.0,0.0
TRE_offshorewind_class12_moderate_floating_1_0,2,OffShoreWind_Class12_Moderate_floating_1,0,0.0,0.0,0.00230062174858855,0.00230062174858855,0.0,0.0,0.0,0.0,0.0,0.0,0.0,0.0
TRE_offshorewind_class12_moderate_floating_1_1,2,OffShoreWind_Class12_Moderate_floating_1,1,0.0,0.0,0.0023475235280998323,0.0023475235280998323,0.0,0.0,0.0,0.0,0.0,0.0,0.0,0.0
TRE_offshorewind_class12_moderate_floating_1_6,2,OffShoreWind_Class12_Moderate_floating_1,6,0.0,0.0,0.0021933849550752945,0.0021933849550752945,0.0,0.0,0.0,0.0,0.0,0.0,0.0,0.0
TRE_offshorewind_class12_moderate_floating_1_7,2,OffShoreWind_Class12_Moderate_floating_1,7,0.0,0.0,0.0018231322939551273,0.0018231322939551273,0.0,0.0,0.0,0.0,0.0,0.0,0.0,0.0
TRE_offshorewind_class12_moderate_floating_1_18,2,OffShoreWind_Class12_Moderate_floating_1,18,0.0,0.0,0.0021467567468103376,0.0021467567468103376,0.0,0.0,0.0,0.0,0.0,0.0,0.0,0.0
TRE_offshorewind_class12_moderate_floating_1_19,2,OffShoreWind_Class12_Moderate_floating_1,19,0.0,0.0,0.002052075526555654,0.002052075526555654,0.0,0.0,0.0,0.0,0.0,0.0,0.0,0.0
TRE_offshorewind_class12_moderate_floating_1_38,2,OffShoreWind_Class12_Moderate_floating_1,38,0.0,0.0,0.002141466651132889,0.002141466651132889,0.0,0.0,0.0,0.0,0.0,0.0,0.0,0.0
TRE_offshorewind_class12_moderate_floating_1_39,2,OffShoreWind_Class12_Moderate_floating_1,39,0.0,0.0,0.002226466795499481,0.002226466795499481,0.0,0.0,0.0,0.0,0.0,0.0,0.0,0.0
TRE_offshorewind_class12_moderate_floating_1_68,2,OffShoreWind_Class12_Moderate_floating_1,68,0.0,0.0,0.002059442545616812,0.002059442545616812,0.0,0.0,0.0,0.0,0.0,0.0,0.0,0.0
TRE_offshorewind_class12_moderate_floating_1_69,2,OffShoreWind_Class12_Moderate_floating_1,69,0.0,0.0,0.0020712684163062714,0.0020712684163062714,0.0,0.0,0.0,0.0,0.0,0.0,0.0,0.0
TRE_offshorewind_class12_moderate_floating_0_0,2,OffShoreWind_Class12_Moderate_floating_0,0,0.0,0.0,0.00230062174858855,0.00230062174858855,0.0,0.0,0.0,0.0,0.0,0.0,0.0,0.0
TRE_offshorewind_class12_moderate_floating_0_1,2,OffShoreWind_Class12_Moderate_floating_0,1,0.0,0.0,0.0023475235280998323,0.0023475235280998323,0.0,0.0,0.0,0.0,0.0,0.0,0.0,0.0
TRE_offshorewind_class12_moderate_floating_0_8,2,OffShoreWind_Class12_Moderate_floating_0,8,0.0,0.0,0.0021933849550752945,0.0021933849550752945,0.0,0.0,0.0,0.0,0.0,0.0,0.0,0.0
TRE_offshorewind_class12_moderate_floating_0_9,2,OffShoreWind_Class12_Moderate_floating_0,9,0.0,0.0,0.0018231322939551273,0.0018231322939551273,0.0,0.0,0.0,0.0,0.0,0.0,0.0,0.0
TRE_offshorewind_class12_moderate_floating_0_28,2,OffShoreWind_Class12_Moderate_floating_0,28,0.0,0.0,0.0021467567468103376,0.0021467567468103376,0.0,0.0,0.0,0.0,0.0,0.0,0.0,0.0
TRE_offshorewind_class12_moderate_floating_0_29,2,OffShoreWind_Class12_Moderate_floating_0,29,0.0,0.0,0.002052075526555654,0.002052075526555654,0.0,0.0,0.0,0.0,0.0,0.0,0.0,0.0
TRE_offshorewind_class12_moderate_floating_0_68,2,OffShoreWind_Class12_Moderate_floating_0,68,0.0,0.0,0.002141466651132889,0.002141466651132889,0.0,0.0,0.0,0.0,0.0,0.0,0.0,0.0
TRE_offshorewind_class12_moderate_floating_0_69,2,OffShoreWind_Class12_Moderate_floating_0,69,0.0,0.0,0.002226466795499481,0.002226466795499481,0.0,0.0,0.0,0.0,0.0,0.0,0.0,0.0
TRE_offshorewind_class12_moderate_floating_0_138,2,OffShoreWind_Class12_Moderate_floating_0,138,0.0,0.0,0.002059442545616812,0.002059442545616812,0.0,0.0,0.0,0.0,0.0,0.0,0.0,0.0
TRE_offshorewind_class12_moderate_floating_0_139,2,OffShoreWind_Class12_Moderate_floating_0,139,0.0,0.0,0.0020712684163062714,0.0020712684163062714,0.0,0.0,0.0,0.0,0.0,0.0,0.0,0.0
WECC_naturalgas_ccavgcf_moderate_0,3,NaturalGas_CCAvgCF_Moderate,0,0.0,0.0,0.0,0.0,0.0,0.0,0.0,0.0,0.0,0.0,0.0,0.0
WECC_naturalgas_ctavgcf_moderate_0,3,NaturalGas_CTAvgCF_Moderate,0,0.0,0.0,0.0,0.0,0.0,0.0,0.0,0.0,0.0,0.0,0.0,0.0
WECC_battery_moderate_0,3,Battery_*_Moderate,0,0.0,0.0,3207.251245526878,3207.251245526878,0.0,0.0,31622.68560224414,31622.68560224414,0.0,0.0,0.0,0.0
WECC_naturalgas_ccccsavgcf_conservative_0,3,NaturalGas_CCCCSAvgCF_Conservative,0,0.0,0.0,0.0,0.0,0.0,0.0,0.0,0.0,0.0,0.0,0.0,0.0
WECC_advnuclear_atb_moderate_0,3,AdvNuclear_ATB_Moderate,0,0.0,0.0,0.009644390792653777,0.009644390792653777,0.0,0.0,0.0,0.0,0.0,0.0,0.0,0.0
WECC_storage_metalair_advanced_0,3,Storage_MetalAir_Advanced,0,0.0,0.0,196652.2704613069,196652.2704613069,0.0,0.0,3.933045409226138e7,3.933045409226138e7,0.0,0.0,0.0,0.0
WECC_landbasedwind_class1_moderate_0,3,LandbasedWind_Class1_Moderate_,0,0.0,0.0,1.0473796276410294,1.0473796276410294,0.0,0.0,1.9162333293402172,1.9162333293402172,0.0,0.0,0.0,0.0
WECC_landbasedwind_class1_moderate_1,3,LandbasedWind_Class1_Moderate_,1,0.0,0.0,95262.92494520161,95262.92494520161,0.0,0.0,1.812321930900709,1.812321930900709,0.0,0.0,0.0,0.0
WECC_landbasedwind_class1_moderate_2,3,LandbasedWind_Class1_Moderate_,2,0.0,0.0,0.1067547512850628,0.1067547512850628,0.0,0.0,2.1876019413651933,2.1876019413651933,0.0,0.0,0.0,0.0
WECC_landbasedwind_class1_moderate_3,3,LandbasedWind_Class1_Moderate_,3,0.0,0.0,10326.248421121969,10326.248421121969,0.0,0.0,1.9452166194758387,1.9452166194758387,0.0,0.0,0.0,0.0
WECC_landbasedwind_class1_moderate_4,3,LandbasedWind_Class1_Moderate_,4,0.0,0.0,0.12612687386900454,0.12612687386900454,0.0,0.0,2.1097664396719797,2.1097664396719797,0.0,0.0,0.0,0.0
WECC_landbasedwind_class1_moderate_5,3,LandbasedWind_Class1_Moderate_,5,0.0,0.0,0.009606390075735551,0.009606390075735551,0.0,0.0,2.416131219438651,2.416131219438651,0.0,0.0,0.0,0.0
WECC_landbasedwind_class1_moderate_6,3,LandbasedWind_Class1_Moderate_,6,0.0,0.0,0.07584284466267302,0.07584284466267302,0.0,0.0,2.1943383058574626,2.1943383058574626,0.0,0.0,0.0,0.0
WECC_landbasedwind_class1_moderate_7,3,LandbasedWind_Class1_Moderate_,7,0.0,0.0,0.008241849958433203,0.008241849958433203,0.0,0.0,2.3999221656359144,2.3999221656359144,0.0,0.0,0.0,0.0
WECC_landbasedwind_class1_moderate_8,3,LandbasedWind_Class1_Moderate_,8,0.0,0.0,0.04259203594144509,0.04259203594144509,0.0,0.0,2.265286059419634,2.265286059419634,0.0,0.0,0.0,0.0
WECC_landbasedwind_class1_moderate_9,3,LandbasedWind_Class1_Moderate_,9,0.0,0.0,0.005394275401754806,0.005394275401754806,0.0,0.0,2.444910289663873,2.444910289663873,0.0,0.0,0.0,0.0
WECC_utilitypv_class1_moderate_0,3,UtilityPV_Class1_Moderate_,0,0.0,0.0,0.18887982073807036,0.18887982073807036,0.0,0.0,1.5002616956700572,1.5002616956700572,0.0,0.0,0.0,0.0
WECC_utilitypv_class1_moderate_1,3,UtilityPV_Class1_Moderate_,1,0.0,0.0,0.417633710879256,0.417633710879256,0.0,0.0,3.3380785336184995,3.3380785336184995,0.0,0.0,0.0,0.0
WECC_utilitypv_class1_moderate_2,3,UtilityPV_Class1_Moderate_,2,0.0,0.0,0.08121573200862894,0.08121573200862894,0.0,0.0,0.6370940868911759,0.6370940868911759,0.0,0.0,0.0,0.0
WECC_utilitypv_class1_moderate_3,3,UtilityPV_Class1_Moderate_,3,0.0,0.0,0.9433176442923301,0.9433176442923301,0.0,0.0,7.918336466974463,7.918336466974463,0.0,0.0,0.0,0.0
WECC_utilitypv_class1_moderate_4,3,UtilityPV_Class1_Moderate_,4,0.0,0.0,0.057407723826843934,0.057407723826843934,0.0,0.0,0.4459227686856573,0.4459227686856573,0.0,0.0,0.0,0.0
WECC_utilitypv_class1_moderate_5,3,UtilityPV_Class1_Moderate_,5,0.0,0.0,0.26910139060118066,0.26910139060118066,0.0,0.0,2.1279941516452467,2.1279941516452467,0.0,0.0,0.0,0.0
WECC_utilitypv_class1_moderate_6,3,UtilityPV_Class1_Moderate_,6,0.0,0.0,0.04237658538180556,0.04237658538180556,0.0,0.0,0.3281193468104258,0.3281193468104258,0.0,0.0,0.0,0.0
WECC_utilitypv_class1_moderate_7,3,UtilityPV_Class1_Moderate_,7,0.0,0.0,0.09860137398044556,0.09860137398044556,0.0,0.0,0.7586637621748195,0.7586637621748195,0.0,0.0,0.0,0.0
WECC_utilitypv_class1_moderate_8,3,UtilityPV_Class1_Moderate_,8,0.0,0.0,0.013025939874950428,0.013025939874950428,0.0,0.0,0.24276482026553706,0.24276482026553706,0.0,0.0,0.0,0.0
WECC_utilitypv_class1_moderate_9,3,UtilityPV_Class1_Moderate_,9,0.0,0.0,0.052292359228903816,0.052292359228903816,0.0,0.0,0.3866433975734328,0.3866433975734328,0.0,0.0,0.0,0.0
WECC_offshorewind_class3_moderate_fixed_1_0,3,OffShoreWind_Class3_Moderate_fixed_1,0,0.0,0.0,0.0027738192932362936,0.0027738192932362936,0.0,0.0,0.0,0.0,0.0,0.0,0.0,0.0
WECC_offshorewind_class3_moderate_fixed_1_1,3,OffShoreWind_Class3_Moderate_fixed_1,1,0.0,0.0,0.0027557802734288627,0.0027557802734288627,0.0,0.0,0.0,0.0,0.0,0.0,0.0,0.0
WECC_offshorewind_class3_moderate_fixed_1_2,3,OffShoreWind_Class3_Moderate_fixed_1,2,0.0,0.0,0.002742512399198974,0.002742512399198974,0.0,0.0,0.0,0.0,0.0,0.0,0.0,0.0
WECC_offshorewind_class3_moderate_fixed_1_3,3,OffShoreWind_Class3_Moderate_fixed_1,3,0.0,0.0,0.0026409784071838513,0.0026409784071838513,0.0,0.0,0.0,0.0,0.0,0.0,0.0,0.0
WECC_offshorewind_class3_moderate_fixed_1_4,3,OffShoreWind_Class3_Moderate_fixed_1,4,0.0,0.0,0.00259906553496175,0.00259906553496175,0.0,0.0,0.0,0.0,0.0,0.0,0.0,0.0
WECC_offshorewind_class3_moderate_fixed_1_5,3,OffShoreWind_Class3_Moderate_fixed_1,5,0.0,0.0,0.002537820725512678,0.002537820725512678,0.0,0.0,0.0,0.0,0.0,0.0,0.0,0.0
WECC_offshorewind_class3_moderate_fixed_1_6,3,OffShoreWind_Class3_Moderate_fixed_1,6,0.0,0.0,0.0023695790630239052,0.0023695790630239052,0.0,0.0,0.0,0.0,0.0,0.0,0.0,0.0
WECC_offshorewind_class3_moderate_fixed_1_7,3,OffShoreWind_Class3_Moderate_fixed_1,7,0.0,0.0,0.0021797928326350107,0.0021797928326350107,0.0,0.0,0.0,0.0,0.0,0.0,0.0,0.0
WECC_offshorewind_class3_moderate_fixed_1_8,3,OffShoreWind_Class3_Moderate_fixed_1,8,0.0,0.0,0.002405484093464561,0.002405484093464561,0.0,0.0,0.0,0.0,0.0,0.0,0.0,0.0
WECC_offshorewind_class3_moderate_fixed_1_9,3,OffShoreWind_Class3_Moderate_fixed_1,9,0.0,0.0,0.0024486392203535825,0.0024486392203535825,0.0,0.0,0.0,0.0,0.0,0.0,0.0,0.0
WECC_offshorewind_class3_moderate_fixed_0_0,3,OffShoreWind_Class3_Moderate_fixed_0,0,0.0,0.0,0.0027738192932362936,0.0027738192932362936,0.0,0.0,0.0,0.0,0.0,0.0,0.0,0.0
WECC_offshorewind_class3_moderate_fixed_0_1,3,OffShoreWind_Class3_Moderate_fixed_0,1,0.0,0.0,0.0027557802734288627,0.0027557802734288627,0.0,0.0,0.0,0.0,0.0,0.0,0.0,0.0
WECC_offshorewind_class3_moderate_fixed_0_4,3,OffShoreWind_Class3_Moderate_fixed_0,4,0.0,0.0,0.002742512399198974,0.002742512399198974,0.0,0.0,0.0,0.0,0.0,0.0,0.0,0.0
WECC_offshorewind_class3_moderate_fixed_0_5,3,OffShoreWind_Class3_Moderate_fixed_0,5,0.0,0.0,0.0026409784071838513,0.0026409784071838513,0.0,0.0,0.0,0.0,0.0,0.0,0.0,0.0
WECC_offshorewind_class3_moderate_fixed_0_10,3,OffShoreWind_Class3_Moderate_fixed_0,10,0.0,0.0,0.00259906553496175,0.00259906553496175,0.0,0.0,0.0,0.0,0.0,0.0,0.0,0.0
WECC_offshorewind_class3_moderate_fixed_0_11,3,OffShoreWind_Class3_Moderate_fixed_0,11,0.0,0.0,0.002537820725512678,0.002537820725512678,0.0,0.0,0.0,0.0,0.0,0.0,0.0,0.0
WECC_offshorewind_class3_moderate_fixed_0_18,3,OffShoreWind_Class3_Moderate_fixed_0,18,0.0,0.0,0.0023695790630239052,0.0023695790630239052,0.0,0.0,0.0,0.0,0.0,0.0,0.0,0.0
WECC_offshorewind_class3_moderate_fixed_0_19,3,OffShoreWind_Class3_Moderate_fixed_0,19,0.0,0.0,0.0021797928326350107,0.0021797928326350107,0.0,0.0,0.0,0.0,0.0,0.0,0.0,0.0
WECC_offshorewind_class3_moderate_fixed_0_28,3,OffShoreWind_Class3_Moderate_fixed_0,28,0.0,0.0,0.002405484093464561,0.002405484093464561,0.0,0.0,0.0,0.0,0.0,0.0,0.0,0.0
WECC_offshorewind_class3_moderate_fixed_0_29,3,OffShoreWind_Class3_Moderate_fixed_0,29,0.0,0.0,0.0024486392203535825,0.0024486392203535825,0.0,0.0,0.0,0.0,0.0,0.0,0.0,0.0
WECC_offshorewind_class12_moderate_floating_1_0,3,OffShoreWind_Class12_Moderate_floating_1,0,0.0,0.0,0.0022797399380136917,0.0022797399380136917,0.0,0.0,0.0,0.0,0.0,0.0,0.0,0.0
WECC_offshorewind_class12_moderate_floating_1_1,3,OffShoreWind_Class12_Moderate_floating_1,1,0.0,0.0,0.002260856951558743,0.002260856951558743,0.0,0.0,0.0,0.0,0.0,0.0,0.0,0.0
WECC_offshorewind_class12_moderate_floating_1_6,3,OffShoreWind_Class12_Moderate_floating_1,6,0.0,0.0,0.002151888291423003,0.002151888291423003,0.0,0.0,0.0,0.0,0.0,0.0,0.0,0.0
WECC_offshorewind_class12_moderate_floating_1_7,3,OffShoreWind_Class12_Moderate_floating_1,7,0.0,0.0,0.0020711133877023102,0.0020711133877023102,0.0,0.0,0.0,0.0,0.0,0.0,0.0,0.0
WECC_offshorewind_class12_moderate_floating_1_18,3,OffShoreWind_Class12_Moderate_floating_1,18,0.0,0.0,0.002157549251471363,0.002157549251471363,0.0,0.0,0.0,0.0,0.0,0.0,0.0,0.0
WECC_offshorewind_class12_moderate_floating_1_19,3,OffShoreWind_Class12_Moderate_floating_1,19,0.0,0.0,0.0020127138086896406,0.0020127138086896406,0.0,0.0,0.0,0.0,0.0,0.0,0.0,0.0
WECC_offshorewind_class12_moderate_floating_1_38,3,OffShoreWind_Class12_Moderate_floating_1,38,0.0,0.0,0.001793381164628963,0.001793381164628963,0.0,0.0,0.0,0.0,0.0,0.0,0.0,0.0
WECC_offshorewind_class12_moderate_floating_1_39,3,OffShoreWind_Class12_Moderate_floating_1,39,0.0,0.0,0.0018127319023021095,0.0018127319023021095,0.0,0.0,0.0,0.0,0.0,0.0,0.0,0.0
WECC_offshorewind_class12_moderate_floating_1_68,3,OffShoreWind_Class12_Moderate_floating_1,68,0.0,0.0,0.0018789017713392966,0.0018789017713392966,0.0,0.0,0.0,0.0,0.0,0.0,0.0,0.0
WECC_offshorewind_class12_moderate_floating_1_69,3,OffShoreWind_Class12_Moderate_floating_1,69,0.0,0.0,0.002003692530032175,0.002003692530032175,0.0,0.0,0.0,0.0,0.0,0.0,0.0,0.0
WECC_offshorewind_class12_moderate_floating_0_0,3,OffShoreWind_Class12_Moderate_floating_0,0,0.0,0.0,0.0022797399380136917,0.0022797399380136917,0.0,0.0,0.0,0.0,0.0,0.0,0.0,0.0
WECC_offshorewind_class12_moderate_floating_0_1,3,OffShoreWind_Class12_Moderate_floating_0,1,0.0,0.0,0.002260856951558743,0.002260856951558743,0.0,0.0,0.0,0.0,0.0,0.0,0.0,0.0
WECC_offshorewind_class12_moderate_floating_0_8,3,OffShoreWind_Class12_Moderate_floating_0,8,0.0,0.0,0.002151888291423003,0.002151888291423003,0.0,0.0,0.0,0.0,0.0,0.0,0.0,0.0
WECC_offshorewind_class12_moderate_floating_0_9,3,OffShoreWind_Class12_Moderate_floating_0,9,0.0,0.0,0.0020711133877023102,0.0020711133877023102,0.0,0.0,0.0,0.0,0.0,0.0,0.0,0.0
WECC_offshorewind_class12_moderate_floating_0_28,3,OffShoreWind_Class12_Moderate_floating_0,28,0.0,0.0,0.002157549251471363,0.002157549251471363,0.0,0.0,0.0,0.0,0.0,0.0,0.0,0.0
WECC_offshorewind_class12_moderate_floating_0_29,3,OffShoreWind_Class12_Moderate_floating_0,29,0.0,0.0,0.0020127138086896406,0.0020127138086896406,0.0,0.0,0.0,0.0,0.0,0.0,0.0,0.0
WECC_offshorewind_class12_moderate_floating_0_68,3,OffShoreWind_Class12_Moderate_floating_0,68,0.0,0.0,0.001793381164628963,0.001793381164628963,0.0,0.0,0.0,0.0,0.0,0.0,0.0,0.0
WECC_offshorewind_class12_moderate_floating_0_69,3,OffShoreWind_Class12_Moderate_floating_0,69,0.0,0.0,0.0018127319023021095,0.0018127319023021095,0.0,0.0,0.0,0.0,0.0,0.0,0.0,0.0
WECC_offshorewind_class12_moderate_floating_0_138,3,OffShoreWind_Class12_Moderate_floating_0,138,0.0,0.0,0.0018789017713392966,0.0018789017713392966,0.0,0.0,0.0,0.0,0.0,0.0,0.0,0.0
WECC_offshorewind_class12_moderate_floating_0_139,3,OffShoreWind_Class12_Moderate_floating_0,139,0.0,0.0,0.002003692530032175,0.002003692530032175,0.0,0.0,0.0,0.0,0.0,0.0,0.0,0.0
WECC_trans_light_duty_1,3,trans_light_duty,1,88930.5,0.0,0.0,88930.5,0.0,0.0,0.0,0.0,0.0,0.0,0.0,0.0
EIC_trans_light_duty_1,1,trans_light_duty,1,227552.1,0.0,0.0,227552.1,0.0,0.0,0.0,0.0,0.0,0.0,0.0,0.0
TRE_trans_light_duty_1,2,trans_light_duty,1,34387.8,0.0,0.0,34387.8,0.0,0.0,0.0,0.0,0.0,0.0,0.0,0.0
WECC_comm_water_heat_1,3,comm_water_heat,1,1130.3,0.0,0.0,1130.3,0.0,0.0,0.0,0.0,0.0,0.0,0.0,0.0
EIC_comm_water_heat_1,1,comm_water_heat,1,2922.1,0.0,0.0,2922.1,0.0,0.0,0.0,0.0,0.0,0.0,0.0,0.0
TRE_comm_water_heat_1,2,comm_water_heat,1,368.7,0.0,0.0,368.7,0.0,0.0,0.0,0.0,0.0,0.0,0.0,0.0
WECC_res_water_heat_1,3,res_water_heat,1,2578.7,0.0,0.0,2578.7,0.0,0.0,0.0,0.0,0.0,0.0,0.0,0.0
EIC_res_water_heat_1,1,res_water_heat,1,8238.2,0.0,0.0,8238.2,0.0,0.0,0.0,0.0,0.0,0.0,0.0,0.0
TRE_res_water_heat_1,2,res_water_heat,1,1049.5,0.0,0.0,1049.5,0.0,0.0,0.0,0.0,0.0,0.0,0.0,0.0
WECC_comm_space_heat_cool_1,3,comm_space_heat_cool,1,7483.3,0.0,0.0,7483.3,0.0,0.0,0.0,0.0,0.0,0.0,0.0,0.0
EIC_comm_space_heat_cool_1,1,comm_space_heat_cool,1,41624.8,0.0,0.0,41624.8,0.0,0.0,0.0,0.0,0.0,0.0,0.0,0.0
TRE_comm_space_heat_cool_1,2,comm_space_heat_cool,1,6978.6,0.0,0.0,6978.6,0.0,0.0,0.0,0.0,0.0,0.0,0.0,0.0
WECC_res_space_heat_cool_1,3,res_space_heat_cool,1,12467.5,0.0,0.0,12467.5,0.0,0.0,0.0,0.0,0.0,0.0,0.0,0.0
EIC_res_space_heat_cool_1,1,res_space_heat_cool,1,47457.0,0.0,0.0,47457.0,0.0,0.0,0.0,0.0,0.0,0.0,0.0,0.0
TRE_res_space_heat_cool_1,2,res_space_heat_cool,1,7585.9,0.0,0.0,7585.9,0.0,0.0,0.0,0.0,0.0,0.0,0.0,0.0
Total,n/a,Total,n/a,3.4819938e6,351898.9317772799,2.1475167939237608e6,5.277611662146482e6,352184.8,0.0,2.9299257700292414e8,2.933447618029241e8,0.0,0.0,0.0,0.0
